{
    "Amount": 27,
    "Objects": {
        "1": {
            "label": "Tree",
            "xmin": 508.2525634765625,
            "ymin": 549.4269409179688,
            "xmax": 558.9036254882812,
            "ymax": 596.6693115234375,
            "score": 0.5341013669967651,
            "length_image": 50.65106201171875,
            "height_image": 47.24237060546875,
            "area_image": 2392.8762431181967
        },
        "2": {
            "label": "Tree",
            "xmin": 397.1911315917969,
            "ymin": 126.12957000732422,
            "xmax": 428.1658020019531,
            "ymax": 157.13795471191406,
            "score": 0.5048479437828064,
            "length_image": 30.97467041015625,
            "height_image": 31.008384704589844,
            "area_image": 960.4744961760007
        },
        "3": {
            "label": "Tree",
            "xmin": 426.7848205566406,
            "ymin": 308.62255859375,
            "xmax": 468.0325927734375,
            "ymax": 351.8450622558594,
            "score": 0.4934312403202057,
            "length_image": 41.247772216796875,
            "height_image": 43.222503662109375,
            "area_image": 1782.8319856943563
        },
        "4": {
            "label": "Tree",
            "xmin": 359.580322265625,
            "ymin": 365.7140808105469,
            "xmax": 404.800048828125,
            "ymax": 412.20916748046875,
            "score": 0.4775320291519165,
            "length_image": 45.2197265625,
            "height_image": 46.495086669921875,
            "area_image": 2102.495105713606
        },
        "5": {
            "label": "Tree",
            "xmin": 336.7001953125,
            "ymin": 55.64599609375,
            "xmax": 369.9873962402344,
            "ymax": 91.869873046875,
            "score": 0.4750420153141022,
            "length_image": 33.287200927734375,
            "height_image": 36.223876953125,
            "area_image": 1205.7914705201983
        },
        "6": {
            "label": "Tree",
            "xmin": 299.9768371582031,
            "ymin": 426.5888977050781,
            "xmax": 342.57476806640625,
            "ymax": 468.76605224609375,
            "score": 0.4705490171909332,
            "length_image": 42.597930908203125,
            "height_image": 42.177154541015625,
            "area_image": 1796.6595150427893
        },
        "7": {
            "label": "Tree",
            "xmin": 437.8935546875,
            "ymin": 362.74169921875,
            "xmax": 468.7056884765625,
            "ymax": 393.0508117675781,
            "score": 0.4673953950405121,
            "length_image": 30.8121337890625,
            "height_image": 30.309112548828125,
            "area_image": 933.8884308822453
        },
        "8": {
            "label": "Tree",
            "xmin": 564.493896484375,
            "ymin": 173.15060424804688,
            "xmax": 599.8471069335938,
            "ymax": 232.0752410888672,
            "score": 0.4617404341697693,
            "length_image": 35.35321044921875,
            "height_image": 58.92463684082031,
            "area_image": 2083.175086877309
        },
        "9": {
            "label": "Tree",
            "xmin": 79.83699035644531,
            "ymin": 137.80726623535156,
            "xmax": 112.97563934326172,
            "ymax": 169.03062438964844,
            "score": 0.4566766917705536,
            "length_image": 33.138648986816406,
            "height_image": 31.223358154296875,
            "area_image": 1034.699906064896
        },
        "10": {
            "label": "Tree",
            "xmin": 328.9045715332031,
            "ymin": 128.4249267578125,
            "xmax": 362.5059814453125,
            "ymax": 160.56497192382812,
            "score": 0.44326290488243103,
            "length_image": 33.601409912109375,
            "height_image": 32.140045166015625,
            "area_image": 1079.9508322170004
        },
        "11": {
            "label": "Tree",
            "xmin": 15.899958610534668,
            "ymin": 575.5576171875,
            "xmax": 57.45892333984375,
            "ymax": 600.0,
            "score": 0.43386000394821167,
            "length_image": 41.55896472930908,
            "height_image": 24.4423828125,
            "area_image": 1015.800125204958
        },
        "12": {
            "label": "Tree",
            "xmin": 251.0646514892578,
            "ymin": 528.3909301757812,
            "xmax": 290.1570739746094,
            "ymax": 562.5689086914062,
            "score": 0.42126837372779846,
            "length_image": 39.09242248535156,
            "height_image": 34.177978515625,
            "area_image": 1336.0999758280814
        },
        "13": {
            "label": "Tree",
            "xmin": 509.0242614746094,
            "ymin": 253.43179321289062,
            "xmax": 562.8933715820312,
            "ymax": 308.4033508300781,
            "score": 0.38499853014945984,
            "length_image": 53.869110107421875,
            "height_image": 54.9715576171875,
            "area_image": 2961.268890056759
        },
        "14": {
            "label": "Tree",
            "xmin": 389.8759765625,
            "ymin": 51.6049919128418,
            "xmax": 426.0471496582031,
            "ymax": 89.79521942138672,
            "score": 0.3814206123352051,
            "length_image": 36.171173095703125,
            "height_image": 38.19022750854492,
            "area_image": 1381.3853297758615
        },
        "15": {
            "label": "Tree",
            "xmin": 232.08578491210938,
            "ymin": 485.3839416503906,
            "xmax": 262.6444396972656,
            "ymax": 516.3050537109375,
            "score": 0.3772236108779907,
            "length_image": 30.55865478515625,
            "height_image": 30.921112060546875,
            "area_image": 944.9075890313834
        },
        "16": {
            "label": "Tree",
            "xmin": 58.42349624633789,
            "ymin": 60.928916931152344,
            "xmax": 89.86398315429688,
            "ymax": 95.53334045410156,
            "score": 0.3752497136592865,
            "length_image": 31.440486907958984,
            "height_image": 34.60442352294922,
            "area_image": 1087.9799247307528
        },
        "17": {
            "label": "Tree",
            "xmin": 373.59393310546875,
            "ymin": 422.0479431152344,
            "xmax": 401.7530822753906,
            "ymax": 449.6671142578125,
            "score": 0.3721480667591095,
            "length_image": 28.159149169921875,
            "height_image": 27.619171142578125,
            "area_image": 777.732360153459
        },
        "18": {
            "label": "Tree",
            "xmin": 160.66676330566406,
            "ymin": 546.2841186523438,
            "xmax": 197.04383850097656,
            "ymax": 582.48193359375,
            "score": 0.3589729368686676,
            "length_image": 36.3770751953125,
            "height_image": 36.19781494140625,
            "area_image": 1316.7706360295415
        },
        "19": {
            "label": "Tree",
            "xmin": 71.70875549316406,
            "ymin": 456.38031005859375,
            "xmax": 113.38204193115234,
            "ymax": 494.8422546386719,
            "score": 0.33352208137512207,
            "length_image": 41.67328643798828,
            "height_image": 38.461944580078125,
            "area_image": 1602.8356334476266
        },
        "20": {
            "label": "Tree",
            "xmin": 124.07608795166016,
            "ymin": 138.47906494140625,
            "xmax": 151.2128448486328,
            "ymax": 163.78839111328125,
            "score": 0.2960887551307678,
            "length_image": 27.136756896972656,
            "height_image": 25.309326171875,
            "area_image": 686.8130315523595
        },
        "21": {
            "label": "Tree",
            "xmin": 246.24815368652344,
            "ymin": 133.9052276611328,