{
    "Amount": 2,
    "Objects": {
        "1": {
            "label": "Tree",
            "xmin": 0.022429704666137695,
            "ymin": 207.29518127441406,
            "xmax": 20.65488052368164,
            "ymax": 257.43511962890625,
            "score": 0.25370562076568604,
            "length_image": 20.632450819015503,
            "height_image": 50.13993835449219,
            "area_image": 1034.5098121675292
        }
    }
}