{
    "Amount": 32,
    "Objects": {
        "1": {
            "label": "Tree",
            "xmin": 382.8979187011719,
            "ymin": 376.5187072753906,
            "xmax": 427.7200927734375,
            "ymax": 421.2164611816406,
            "score": 0.5610076785087585,
            "length_image": 44.822174072265625,
            "height_image": 44.69775390625,
            "area_image": 2003.4505062252283
        },
        "2": {
            "label": "Tree",
            "xmin": 189.98951721191406,
            "ymin": 291.4530944824219,
            "xmax": 257.9006042480469,
            "ymax": 351.3956298828125,
            "score": 0.551010251045227,
            "length_image": 67.91108703613281,
            "height_image": 59.942535400390625,
            "area_image": 4070.7627387424
        },
        "3": {
            "label": "Tree",
            "xmin": 441.0625305175781,
            "ymin": 313.591552734375,
            "xmax": 498.5958557128906,
            "ymax": 370.6950988769531,
            "score": 0.5322654843330383,
            "length_image": 57.5333251953125,
            "height_image": 57.103546142578125,
            "area_image": 3285.35689002648
        },
        "4": {
            "label": "Tree",
            "xmin": 344.98907470703125,
            "ymin": 339.7064208984375,
            "xmax": 384.51251220703125,
            "ymax": 382.2364196777344,
            "score": 0.5015261173248291,
            "length_image": 39.5234375,
            "height_image": 42.529998779296875,
            "area_image": 1680.9317486286163
        },
        "5": {
            "label": "Tree",
            "xmin": 334.97332763671875,
            "ymin": 409.9505615234375,
            "xmax": 386.3800048828125,
            "ymax": 463.1058654785156,
            "score": 0.49689021706581116,
            "length_image": 51.40667724609375,
            "height_image": 53.155303955078125,
            "area_image": 2732.5375543367118
        },
        "6": {
            "label": "Tree",
            "xmin": 445.6260681152344,
            "ymin": 455.8038024902344,
            "xmax": 494.6337890625,
            "ymax": 510.94976806640625,
            "score": 0.4908028542995453,
            "length_image": 49.007720947265625,
            "height_image": 55.145965576171875,
            "area_image": 2702.5780923245475
        },
        "7": {
            "label": "Tree",
            "xmin": 523.8233642578125,
            "ymin": 117.66740417480469,
            "xmax": 594.3187866210938,
            "ymax": 186.59580993652344,
            "score": 0.4626331925392151,
            "length_image": 70.49542236328125,
            "height_image": 68.92840576171875,
            "area_image": 4859.137076999992
        },
        "8": {
            "label": "Tree",
            "xmin": 0.2634689211845398,
            "ymin": 526.7101440429688,
            "xmax": 41.64789962768555,
            "ymax": 581.01611328125,
            "score": 0.4552146792411804,
            "length_image": 41.38443070650101,
            "height_image": 54.30596923828125,
            "area_image": 2247.4216208910257
        },
        "9": {
            "label": "Tree",
            "xmin": 493.0306396484375,
            "ymin": 516.990966796875,
            "xmax": 535.7473754882812,
            "ymax": 558.484619140625,
            "score": 0.4417112171649933,
            "length_image": 42.71673583984375,
            "height_image": 41.49365234375,
            "area_image": 1772.4733861982822
        },
        "10": {
            "label": "Tree",
            "xmin": 223.8435516357422,
            "ymin": 350.8915100097656,
            "xmax": 256.69049072265625,
            "ymax": 386.71209716796875,
            "score": 0.43154290318489075,
            "length_image": 32.84693908691406,
            "height_image": 35.820587158203125,
            "area_image": 1176.5966444429941
        },
        "11": {
            "label": "Tree",
            "xmin": 387.3759460449219,
            "ymin": 325.6632385253906,
            "xmax": 424.5316162109375,
            "ymax": 366.5672302246094,
            "score": 0.3984718322753906,
            "length_image": 37.155670166015625,
            "height_image": 40.90399169921875,
            "area_image": 1519.8152240496129
        },
        "12": {
            "label": "Tree",
            "xmin": 373.5023193359375,
            "ymin": 559.0615844726562,
            "xmax": 435.5259704589844,
            "ymax": 600.0,
            "score": 0.3861986994743347,
            "length_image": 62.023651123046875,
            "height_image": 40.93841552734375,
            "area_image": 2539.150002198294
        },
        "13": {
            "label": "Tree",
            "xmin": 488.9862976074219,
            "ymin": 378.1051940917969,
            "xmax": 543.4305419921875,
            "ymax": 438.76995849609375,
            "score": 0.38310348987579346,
            "length_image": 54.444244384765625,
            "height_image": 60.664764404296875,
            "area_image": 3302.8472587717697
        },
        "14": {
            "label": "Tree",
            "xmin": 185.66221618652344,
            "ymin": 402.1571044921875,
            "xmax": 233.34521484375,
            "ymax": 448.6840515136719,
            "score": 0.37519973516464233,
            "length_image": 47.68299865722656,
            "height_image": 46.526947021484375,
            "area_image": 2218.544352350291
        },
        "15": {
            "label": "Tree",
            "xmin": 51.97030258178711,
            "ymin": 540.3627319335938,
            "xmax": 89.61249542236328,
            "ymax": 582.962158203125,
            "score": 0.36238688230514526,
            "length_image": 37.64219284057617,
            "height_image": 42.59942626953125,
            "area_image": 1603.5358185356017
        },
        "16": {
            "label": "Tree",
            "xmin": 300.4968566894531,
            "ymin": 303.1658630371094,
            "xmax": 344.3790588378906,
            "ymax": 345.6930847167969,
            "score": 0.3486136794090271,
            "length_image": 43.8822021484375,
            "height_image": 42.5272216796875,
            "area_image": 1866.1881385594606
        },
        "17": {
            "label": "Tree",
            "xmin": 548.7793579101562,
            "ymin": 556.5239868164062,
            "xmax": 577.3406982421875,
            "ymax": 584.5578002929688,
            "score": 0.33574414253234863,
            "length_image": 28.56134033203125,
            "height_image": 28.0338134765625,
            "area_image": 800.6832875087857
        },
        "18": {
            "label": "Tree",
            "xmin": 240.24139404296875,
            "ymin": 0.14630627632141113,
            "xmax": 298.54803466796875,
            "ymax": 34.73009490966797,
            "score": 0.3333185017108917,
            "length_image": 58.306640625,
            "height_image": 34.58378863334656,
            "area_image": 2016.4645352954976
        },
        "19": {
            "label": "Tree",
            "xmin": 128.84500122070312,
            "ymin": 330.746337890625,
            "xmax": 167.1486053466797,
            "ymax": 368.8430480957031,
            "score": 0.33262473344802856,
            "length_image": 38.30360412597656,
            "height_image": 38.096710205078125,
            "area_image": 1459.2413061973639
        },
        "20": {
            "label": "Tree",
            "xmin": 78.16728973388672,
            "ymin": 300.1437072753906,
            "xmax": 119.69202423095703,
            "ymax": 341.5025329589844,
            "score": 0.3287336826324463,
            "length_image": 41.52473449707031,
            "height_image": 41.35882568359375,
            "area_image": 1717.414255621843
        },
        "21": {
            "label": "Tree",
            "xmin": 179.67559814453125,
            "ymin": 469.8703308105469,