{
    "Amount": 4,
    "Objects": {
        "1": {
            "label": "Tree",
            "xmin": 455.33148193359375,
            "ymin": 1.9738057851791382,
            "xmax": 594.4323120117188,
            "ymax": 128.3312530517578,
            "score": 0.2604113817214966,
            "length_image": 139.100830078125,
            "height_image": 126.35744726657867,
            "area_image": 17576.425801334
        },
        "2": {
            "label": "Tree",
            "xmin": 130.65460205078125,
            "ymin": 4.166476249694824,
            "xmax": 324.90362548828125,
            "ymax": 145.13766479492188,
            "score": 0.24127322435379028,
            "length_image": 194.2490234375,
            "height_image": 140.97118854522705,
            "area_image": 27383.51570773404
        },
        "3": {
            "label": "Tree",
            "xmin": 481.0523986816406,
            "ymin": 200.04881286621094,
            "xmax": 599.0013427734375,
            "ymax": 360.6291809082031,
            "score": 0.2151680588722229,
            "length_image": 117.94894409179688,
            "height_image": 160.5803680419922,
            "area_image": 18940.284852425102
        }
    }
}