{
    "Amount": 7,
    "Objects": {
        "1": {
            "label": "Tree",
            "xmin": 2.795313835144043,
            "ymin": 169.67617797851562,
            "xmax": 54.3867073059082,
            "ymax": 221.26565551757812,
            "score": 0.459785133600235,
            "length_image": 51.59139347076416,
            "height_image": 51.5894775390625,
            "area_image": 2661.5730346689234
        },
        "2": {
            "label": "Tree",
            "xmin": 478.65655517578125,
            "ymin": 45.40285873413086,
            "xmax": 511.0716552734375,
            "ymax": 79.96559143066406,
            "score": 0.37324392795562744,
            "length_image": 32.41510009765625,
            "height_image": 34.5627326965332,
            "area_image": 1120.3544400066603
        },
        "3": {
            "label": "Tree",
            "xmin": 257.8228759765625,
            "ymin": 562.8447875976562,
            "xmax": 312.1198425292969,
            "ymax": 600.0,
            "score": 0.3354421854019165,
            "length_image": 54.296966552734375,
            "height_image": 37.15521240234375,
            "area_image": 2017.4153250698
        },
        "4": {
            "label": "Tree",
            "xmin": 220.0550994873047,
            "ymin": 166.9358673095703,
            "xmax": 256.58642578125,
            "ymax": 203.18505859375,
            "score": 0.33332139253616333,
            "length_image": 36.53132629394531,
            "height_image": 36.24919128417969,
            "area_image": 1324.2310346940067
        },
        "5": {
            "label": "Tree",
            "xmin": 99.4315414428711,
            "ymin": 12.913030624389648,
            "xmax": 136.28639221191406,
            "ymax": 51.53781509399414,
            "score": 0.22323200106620789,
            "length_image": 36.85485076904297,
            "height_image": 38.62478446960449,
            "area_image": 1423.510667613722
        },
        "6": {
            "label": "Tree",
            "xmin": 562.0186767578125,
            "ymin": 216.26625061035156,
            "xmax": 600.0,
            "ymax": 272.33258056640625,
            "score": 0.22223052382469177,
            "length_image": 37.9813232421875,
            "height_image": 56.06632995605469,
            "area_image": 2129.473401064053
        }
    }
}