{
    "Amount": 8,
    "Objects": {
        "1": {
            "label": "Tree",
            "xmin": 216.97837829589844,
            "ymin": 37.48531723022461,
            "xmax": 241.1539764404297,
            "ymax": 62.294681549072266,
            "score": 0.22766345739364624,
            "length_image": 24.17559814453125,
            "height_image": 24.809364318847656,
            "area_image": 599.7812219937332
        },
        "2": {
            "label": "Tree",
            "xmin": 322.395751953125,
            "ymin": 423.5692138671875,
            "xmax": 342.48980712890625,
            "ymax": 443.35107421875,
            "score": 0.2108694314956665,
            "length_image": 20.09405517578125,
            "height_image": 19.7818603515625,
            "area_image": 397.49779338389635
        },
        "3": {
            "label": "Tree",
            "xmin": 186.06719970703125,
            "ymin": 0.04339081048965454,
            "xmax": 224.03164672851562,
            "ymax": 18.818758010864258,
            "score": 0.20335614681243896,
            "length_image": 37.964447021484375,
            "height_image": 18.775367200374603,
            "area_image": 712.796433387537
        },
        "4": {
            "label": "Tree",
            "xmin": 220.40567016601562,
            "ymin": 0.0,
            "xmax": 253.46604919433594,
            "ymax": 17.948469161987305,
            "score": 0.2137346863746643,
            "length_image": 33.06037902832031,
            "height_image": 17.948469161987305,
            "area_image": 593.3831934734189
        }
    }
}