{
    "Google Maps": {
        "Paths": [
            0,
            [
                "C:\\Users\\thomw\\source\\repos\\mesh-city\\src\\mesh_city\\resources\\images\\request_0\\google_maps\\1_5.742079925537126_51.97832072945286.png",
                "C:\\Users\\thomw\\source\\repos\\mesh-city\\src\\mesh_city\\resources\\images\\request_0\\google_maps\\2_5.742759704589844_51.97832072945286.png",
                "C:\\Users\\thomw\\source\\repos\\mesh-city\\src\\mesh_city\\resources\\images\\request_0\\google_maps\\3_5.743453216552751_51.97832072945286.png",
                "C:\\Users\\thomw\\source\\repos\\mesh-city\\src\\mesh_city\\resources\\images\\request_0\\google_maps\\4_5.742079925537126_51.97874790276371.png",
                "C:\\Users\\thomw\\source\\repos\\mesh-city\\src\\mesh_city\\resources\\images\\request_0\\google_maps\\5_5.742759704589844_51.97874790276371.png",
                "C:\\Users\\thomw\\source\\repos\\mesh-city\\src\\mesh_city\\resources\\images\\request_0\\google_maps\\6_5.743453216552751_51.97874790276371.png",
                "C:\\Users\\thomw\\source\\repos\\mesh-city\\src\\mesh_city\\resources\\images\\request_0\\google_maps\\7_5.742079925537126_51.97916661324406.png",
                "C:\\Users\\thomw\\source\\repos\\mesh-city\\src\\mesh_city\\resources\\images\\request_0\\google_maps\\8_5.742759704589844_51.97916661324406.png",
                "C:\\Users\\thomw\\source\\repos\\mesh-city\\src\\mesh_city\\resources\\images\\request_0\\google_maps\\9_5.743453216552751_51.97916661324406.png"
            ]
        ],
        "Coordinates": [
            0,
            [
                [
                    "51.97832072945286",
                    "5.742079925537126"
                ],
                [
                    "51.97832072945286",
                    "5.742759704589844"
                ],
                [
                    "51.97832072945286",
                    "5.743453216552751"
                ],
                [
                    "51.97874790276371",
                    "5.742079925537126"
                ],
                [
                    "51.97874790276371",
                    "5.742759704589844"
                ],
                [
                    "51.97874790276371",
                    "5.743453216552751"
                ],
                [
                    "51.97916661324406",
                    "5.742079925537126"
                ],
                [
                    "51.97916661324406",
                    "5.742759704589844"
                ],
                [
                    "51.97916661324406",
                    "5.743453216552751"
                ]
            ]
        ]
    }
}
