,xmin,ymin,xmax,ymax,score,label
0,0.022429704666137695,207.29518127441406,20.65488052368164,257.43511962890625,0.25370562076568604,Tree
